<?xml version='1.0' encoding='utf-8'?> 
<!DOCTYPE hibernate-configuration PUBLIC "-//Hibernate/Hibernate Configuration DTD 3.0//EN" "http://hibernate.sourceforge.net/hibernate-configuration-3.0.dtd"> 

<hibernate-configuration>

	<session-factory>

		<!-- Database connection settings and SQL dialect -->

		<!-- HSQLDB in-process database - simple/testing/development-->
		<property name="connection.driver_class">org.hsqldb.jdbcDriver</property>
		<property name="connection.url">jdbc:hsqldb:file:hsql_exploding_db</property>
		<property name="connection.username">sa</property>
		<property name="connection.password"></property>
		<property name="dialect">org.hibernate.dialect.HSQLDialect</property> 
		
		<!-- mysql - production 
		<property name="connection.driver_class">com.mysql.jdbc.Driver</property>
		<property name="connection.url">jdbc:mysql:///exploding</property>
		<property name="connection.username">exploding</property>
		<property name="connection.password">exploding!</property>
		<property name="dialect">org.hibernate.dialect.MySQLDialect</property> -->

		<!-- JDBC connection pool (use the built-in) -->
		<!-- <property name="connection.pool_size">1</property> -->
		<!-- C3P0 pool - getting problems with timeouts -->
		<property name="c3p0.acquire_increment">1</property> 
		<property name="c3p0.idle_test_period">100</property> <!-- seconds --> 
		<property name="c3p0.max_size">5</property> 
		<property name="c3p0.max_statements">0</property> 
		<property name="c3p0.min_size">1</property> 
		<property name="c3p0.timeout">100</property> <!-- seconds --> 
		<property name="c3p0.idleConnectionTestPeriod">300</property> 


		<!-- Enable Hibernate's automatic session context management -->
		<property name="current_session_context_class">thread</property>

		<!-- Disable the second-level cache  -->
		<property name="cache.provider_class">org.hibernate.cache.NoCacheProvider</property>

		<!-- Echo all executed SQL to stdout -->
		<property name="show_sql">false</property>

		<!-- create = Drop and re-create the database schema on startup -->
		<property name="hbm2ddl.auto">update</property>
        
		<mapping resource="equip2/spring/db/NextID.hbm.xml"/>
		
		<!-- persistent class mappings... -->
		<mapping resource="uk/ac/horizon/ug/exploding/db/ContentGroup.hbm.xml"/>
		<mapping resource="uk/ac/horizon/ug/exploding/db/Game.hbm.xml"/>
		<mapping resource="uk/ac/horizon/ug/exploding/db/GameTime.hbm.xml"/>
		<mapping resource="uk/ac/horizon/ug/exploding/db/Member.hbm.xml"/>
		<mapping resource="uk/ac/horizon/ug/exploding/db/Message.hbm.xml"/>
		<mapping resource="uk/ac/horizon/ug/exploding/db/Player.hbm.xml"/>
		<!--<mapping resource="uk/ac/horizon/ug/exploding/db/StatsModifier.hbm.xml"/>-->
		<mapping resource="uk/ac/horizon/ug/exploding/db/TimelineEvent.hbm.xml"/>
		<mapping resource="uk/ac/horizon/ug/exploding/db/Zone.hbm.xml"/>
		<!--  client rpc -->
		<mapping resource="uk/ac/horizon/ug/exploding/db/ClientConversation.hbm.xml"/>
		<mapping resource="uk/ac/horizon/ug/exploding/db/MessageToClient.hbm.xml"/>
	
	</session-factory>
    
</hibernate-configuration>
