<?xml version="1.0"?>
<bean package="uk.ac.horizon.ug.exploding.db" class="Game" id="ID" primarykey="ID" primarykeygenerator="assigned" table="games">
	
	<type name="IDType" javatype="java.lang.String" maxlength="20" />

	<property name="ID" type="IDType" />
	
	<property name="contentGroupID" type="IDType" />
	
	<property name="name" javatype="java.lang.String" />
	
	<property name="tag" javatype="java.lang.String" >
		<description>Optional string/id for marking a set/series of related games. 
		May be used to filter game join/spectator requests.</description>
	</property>
	
	<property name="timeCreated" javatype="java.lang.Long" />
	
	<property name="gameTimeID" type="IDType" />
	
	<property name="year" javatype="java.lang.String" />
	
	<property name="state" javatype="java.lang.String" />
	
	<constant name="UNKNOWN" javatype="java.lang.String" value='"UNKNOWN"'/>
	<constant name="NOT_STARTED" javatype="java.lang.String" value='"NOT_STARTED"'/>
	<constant name="ACTIVE" javatype="java.lang.String" value='"ACTIVE"'/>
	<constant name="ENDING" javatype="java.lang.String" value='"ENDING"'/>
	<constant name="ENDED" javatype="java.lang.String" value='"ENDED"'/>
	

</bean>
