<?xml version="1.0" encoding="UTF-8"?>
<!DOCTYPE beans PUBLIC "-//SPRING//DTD BEAN//EN" "http://www.springframework.org/dtd/spring-beans.dtd">

<beans>

	<bean id="urlMapping" class="org.springframework.web.servlet.handler.SimpleUrlHandlerMapping">
		<property name="interceptors">
			<list>
				<ref bean="equipSessionReleaseInterceptor" />
			</list>
		</property>
		<property name="mappings">
			<props>
				<prop key="/index.html">filenameViewController</prop>
				<prop key="/upload">logsMultiController</prop>
				<prop key="/list">logsMultiController</prop>
			</props>
		</property>
	</bean>

	<!-- client controller -->
	<bean id="internalPathMethodNameResolver" class="org.springframework.web.servlet.mvc.multiaction.InternalPathMethodNameResolver"/>

	<bean id="logsMultiController" class="org.springframework.web.servlet.mvc.multiaction.MultiActionController">
		<property name="methodNameResolver"><ref bean="internalPathMethodNameResolver"/></property>
		<property name="delegate"><ref bean="logsController"/></property>
	</bean>

	<bean id="logsController" class="uk.ac.horizon.ug.exploding.logs.LogsController">
		<property name="logDir" value="/home/admin/apache/logs" />
	</bean>


	<!-- generic htm/html to jsp mapper -->
	<bean id="webFilenameViewController" class="org.springframework.web.servlet.mvc.UrlFilenameViewController"/>

	<bean id="filenameViewController" class="org.springframework.web.servlet.mvc.UrlFilenameViewController">
		<property name="prefix" value="logs/" />
	</bean>
  	
	<bean id="viewResolver" class="org.springframework.web.servlet.view.InternalResourceViewResolver">
		<property name="viewClass" value="org.springframework.web.servlet.view.JstlView" />
		<property name="prefix" value="/WEB-INF/jsp/" />
		<property name="suffix" value=".jsp" />
	</bean>

</beans>