<?xml version="1.0" encoding="UTF-8"?>
<!DOCTYPE beans PUBLIC "-//SPRING//DTD BEAN//EN" "http://www.springframework.org/dtd/spring-beans.dtd">

<beans>

	<bean id="urlMapping" class="org.springframework.web.servlet.handler.SimpleUrlHandlerMapping">
		<property name="interceptors">
			<list>
				<ref bean="equipSessionReleaseInterceptor" />
			</list>
		</property>
		<property name="mappings">
			<props>
				<prop key="/index.html">filenameViewController</prop>
				<prop key="/games.html">orchestrationViewMultiController</prop>
				<prop key="/game_list">orchestrationViewMultiController</prop>
				<prop key="/content_group_list">orchestrationViewMultiController</prop>
				<prop key="/create.html">orchestrationViewMultiController</prop>
				<prop key="/lobby_create">orchestrationViewMultiController</prop>
				<prop key="/play.html">orchestrationViewMultiController</prop>
				<prop key="/finish.html">orchestrationViewMultiController</prop>
				<prop key="/stop.html">orchestrationViewMultiController</prop>
				<prop key="/moderate.html">moderationViewMultiController</prop>
				<prop key="/enable.html">moderationViewMultiController</prop>
				<prop key="/upload.html">uploadViewMultiController</prop>
				<prop key="/bulkupload.html">uploadController</prop>
			</props>
		</property>
	</bean>
	
	<bean id="internalPathMethodNameResolver" class="org.springframework.web.servlet.mvc.multiaction.InternalPathMethodNameResolver"/>

	<!-- upload controller -->
	<bean id="uploadViewMultiController" class="org.springframework.web.servlet.mvc.multiaction.MultiActionController">
		<property name="methodNameResolver"><ref bean="internalPathMethodNameResolver"/></property>
		<property name="delegate"><ref bean="uploadController"/></property>
	</bean>
	
	<bean id="uploadController" class="uk.ac.horizon.ug.exploding.orchestration.UploadController">
		<property name="commandClass"><value>uk.ac.horizon.ug.exploding.orchestration.FileUploadBean</value></property>
		<property name="successView"><value>upload</value></property>
		<property name="dataspace"><ref bean="dataspace"/></property>
	</bean>
	
	<bean id="multipartResolver" class="org.springframework.web.multipart.commons.CommonsMultipartResolver"/>

	<!-- orchestration controller -->
	<bean id="orchestrationViewMultiController" class="org.springframework.web.servlet.mvc.multiaction.MultiActionController">
		<property name="methodNameResolver"><ref bean="internalPathMethodNameResolver"/></property>
		<property name="delegate"><ref bean="orchestrationController"/></property>
	</bean>

	<bean id="orchestrationController" class="uk.ac.horizon.ug.exploding.orchestration.OrchestrationController">
		<property name="dataspace"><ref bean="dataspace"/></property>
	</bean>
	
	<!-- moderation controller -->
	<bean id="moderationViewMultiController" class="org.springframework.web.servlet.mvc.multiaction.MultiActionController">
		<property name="methodNameResolver"><ref bean="internalPathMethodNameResolver"/></property>
		<property name="delegate"><ref bean="moderationController"/></property>
	</bean>

	<bean id="moderationController" class="uk.ac.horizon.ug.exploding.orchestration.ModerationController">
		<property name="dataspace"><ref bean="dataspace"/></property>
	</bean>

	<!-- generic htm/html to jsp mapper -->
	<bean id="webFilenameViewController" class="org.springframework.web.servlet.mvc.UrlFilenameViewController"/>

	<bean id="filenameViewController" class="org.springframework.web.servlet.mvc.UrlFilenameViewController">
		<property name="prefix" value="orchestration/" />
	</bean>
  	
	<bean id="viewResolver" class="org.springframework.web.servlet.view.InternalResourceViewResolver">
		<property name="viewClass" value="org.springframework.web.servlet.view.JstlView" />
		<property name="prefix" value="/WEB-INF/jsp/" />
		<property name="suffix" value=".jsp" />
	</bean>

</beans>