<?xml version="1.0" encoding="UTF-8"?>
<!DOCTYPE beans PUBLIC "-//SPRING//DTD BEAN//EN" "http://www.springframework.org/dtd/spring-beans.dtd">

<beans>

	<bean id="urlMapping" class="org.springframework.web.servlet.handler.SimpleUrlHandlerMapping">
		<property name="interceptors">
			<list>
				<ref bean="equipSessionReleaseInterceptor" />
			</list>
		</property>
		<property name="mappings">
			<props>
				<prop key="/index.html">filenameViewController</prop>
				<prop key="/login">clientMultiController</prop>
				<prop key="/messages">clientMultiController</prop>
			</props>
		</property>
	</bean>

	<!-- client controller -->
	<bean id="internalPathMethodNameResolver" class="org.springframework.web.servlet.mvc.multiaction.InternalPathMethodNameResolver"/>

	<bean id="clientMultiController" class="org.springframework.web.servlet.mvc.multiaction.MultiActionController">
		<property name="methodNameResolver"><ref bean="internalPathMethodNameResolver"/></property>
		<property name="delegate"><ref bean="clientController"/></property>
	</bean>

	<bean id="clientSubscriptionManager" class="uk.ac.horizon.ug.exploding.clientapi.ClientSubscriptionManager">
		<property name="dataspace"><ref bean="dataspace"/></property>
	</bean>

	<bean id="clientController" class="uk.ac.horizon.ug.exploding.clientapi.ClientController">
		<property name="dataspace"><ref bean="dataspace"/></property>
		<property name="clientSubscriptionManager"><ref bean="clientSubscriptionManager"/></property>
	</bean>


	<!-- generic htm/html to jsp mapper -->
	<bean id="webFilenameViewController" class="org.springframework.web.servlet.mvc.UrlFilenameViewController"/>

	<bean id="filenameViewController" class="org.springframework.web.servlet.mvc.UrlFilenameViewController">
		<property name="prefix" value="rpc/" />
	</bean>
  	
	<bean id="viewResolver" class="org.springframework.web.servlet.view.InternalResourceViewResolver">
		<property name="viewClass" value="org.springframework.web.servlet.view.JstlView" />
		<property name="prefix" value="/WEB-INF/jsp/" />
		<property name="suffix" value=".jsp" />
	</bean>

</beans>