<?xml version="1.0" encoding="UTF-8"?>
<!DOCTYPE hibernate-mapping PUBLIC "-//Hibernate/Hibernate Mapping DTD 3.0//EN" "http://hibernate.sourceforge.net/hibernate-mapping-3.0.dtd">
<hibernate-mapping>
<class name="uk.ac.horizon.ug.exploding.db.ContentGroup" table="contentgroups">
<id name="ID" type="string">
<column name="ID" length="20"/>
<generator class="assigned"/>
</id>
<property name="name" type="string">
<column name="name"/>
</property>
<property name="version" type="string">
<column name="version"/>
</property>
<property name="location" type="string">
<column name="location"/>
</property>
<property name="startYear" type="integer">
<column name="startYear"/>
</property>
<property name="endYear" type="integer">
<column name="endYear"/>
</property>
</class>
</hibernate-mapping>
