<?xml version="1.0" encoding="UTF-8"?>
<!DOCTYPE hibernate-mapping PUBLIC "-//Hibernate/Hibernate Mapping DTD 3.0//EN" "http://hibernate.sourceforge.net/hibernate-mapping-3.0.dtd">
<hibernate-mapping>
<class name="uk.ac.horizon.ug.exploding.db.Game" table="games">
<id name="ID" type="string">
<column name="ID" length="20"/>
<generator class="assigned"/>
</id>
<property name="contentGroupID" type="string">
<column name="contentGroupID" length="20"/>
</property>
<property name="name" type="string">
<column name="name"/>
</property>
<property name="tag" type="string">
<column name="tag"/>
</property>
<property name="timeCreated" type="long">
<column name="timeCreated"/>
</property>
<property name="gameTimeID" type="string">
<column name="gameTimeID" length="20"/>
</property>
<property name="year" type="string">
<column name="year"/>
</property>
<property name="state" type="string">
<column name="state"/>
</property>
</class>
</hibernate-mapping>
