<?xml version="1.0" encoding="UTF-8"?>
<!DOCTYPE hibernate-mapping PUBLIC "-//Hibernate/Hibernate Mapping DTD 3.0//EN" "http://hibernate.sourceforge.net/hibernate-mapping-3.0.dtd">
<hibernate-mapping>
<class name="uk.ac.horizon.ug.exploding.db.Member" table="members">
<id name="ID" type="string">
<column name="ID" length="20"/>
<generator class="assigned"/>
</id>
<property name="playerID" type="string">
<column name="playerID" length="20"/>
</property>
<property name="gameID" type="string">
<column name="gameID" length="20"/>
</property>
<property name="parentMemberID" type="string">
<column name="parentMemberID" length="20"/>
</property>
<property name="name" type="string">
<column name="name"/>
</property>
<property name="limbData" type="string">
<column name="limbData"/>
</property>
<property name="colourRef" type="integer">
<column name="colourRef"/>
</property>
<property name="zone" type="integer">
<column name="zone"/>
</property>
<component name="position">
<property name="latitude" type="double">
<column name="position_latitude"/>
</property>
<property name="longitude" type="double">
<column name="position_longitude"/>
</property>
<property name="elevation" type="double">
<column name="position_elevation"/>
</property>
</component>
<property name="health" type="integer">
<column name="health"/>
</property>
<property name="wealth" type="integer">
<column name="wealth"/>
</property>
<property name="brains" type="integer">
<column name="brains"/>
</property>
<property name="action" type="integer">
<column name="action"/>
</property>
<property name="carried" type="boolean">
<column name="carried"/>
</property>
<!--property health defined in .-->
<property name="healthMax" type="integer">
<column name="healthMax"/>
</property>
<property name="healthMin" type="integer">
<column name="healthMin"/>
</property>
<!--property wealth defined in .-->
<property name="wealthMax" type="integer">
<column name="wealthMax"/>
</property>
<property name="wealthMin" type="integer">
<column name="wealthMin"/>
</property>
<!--property brains defined in .-->
<property name="brainsMax" type="integer">
<column name="brainsMax"/>
</property>
<property name="brainsMin" type="integer">
<column name="brainsMin"/>
</property>
<!--property action defined in .-->
<property name="actionMax" type="integer">
<column name="actionMax"/>
</property>
<property name="actionMin" type="integer">
<column name="actionMin"/>
</property>
<property name="instant" type="integer">
<column name="instant"/>
</property>
<property name="flags" type="integer">
<column name="flags"/>
</property>
<property name="absolute" type="integer">
<column name="absolute"/>
</property>
</class>
</hibernate-mapping>
