<?xml version="1.0" encoding="UTF-8"?>
<!DOCTYPE hibernate-mapping PUBLIC "-//Hibernate/Hibernate Mapping DTD 3.0//EN" "http://hibernate.sourceforge.net/hibernate-mapping-3.0.dtd">
<hibernate-mapping>
<class name="uk.ac.horizon.ug.exploding.db.Message" table="messages">
<id name="ID" type="string">
<column name="ID" length="20"/>
<generator class="assigned"/>
</id>
<property name="playerID" type="string">
<column name="playerID" length="20"/>
</property>
<property name="type" type="string">
<column name="type"/>
</property>
<property name="year" type="string">
<column name="year"/>
</property>
<property name="title" type="string">
<column name="title"/>
</property>
<property name="description" type="string">
<column name="description"/>
</property>
<property name="createTime" type="long">
<column name="createTime"/>
</property>
<property name="handled" type="boolean">
<column name="handled"/>
</property>
<property name="handledTime" type="long">
<column name="handledTime"/>
</property>
</class>
</hibernate-mapping>
