<?xml version="1.0" encoding="UTF-8"?>
<!DOCTYPE hibernate-mapping PUBLIC "-//Hibernate/Hibernate Mapping DTD 3.0//EN" "http://hibernate.sourceforge.net/hibernate-mapping-3.0.dtd">
<hibernate-mapping>
<class name="uk.ac.horizon.ug.exploding.db.MessageToClient" table="messagetoclient">
<id name="ID" type="string">
<column name="ID" length="20"/>
<generator class="assigned"/>
</id>
<property name="clientID" type="string">
<column name="clientID"/>
</property>
<property name="conversationID" type="string">
<column name="conversationID"/>
</property>
<property name="gameID" type="string">
<column name="gameID" length="20"/>
</property>
<property name="playerID" type="string">
<column name="playerID" length="20"/>
</property>
<property name="type" type="integer">
<column name="type"/>
</property>
<property name="seqNo" type="integer">
<column name="seqNo"/>
</property>
<property name="time" type="long">
<column name="time"/>
</property>
<property name="clientLifetime" type="boolean">
<column name="clientLifetime"/>
</property>
<property name="sentToClient" type="long">
<column name="sentToClient"/>
</property>
<property name="ackedByClient" type="long">
<column name="ackedByClient"/>
</property>
<property name="oldVal" type="string">
<column name="oldVal" length="10000"/>
</property>
<property name="newVal" type="string">
<column name="newVal" length="10000"/>
</property>
<property name="priority" type="integer">
<column name="priority"/>
</property>
<property name="updateClass" type="string">
<column name="updateClass"/>
</property>
<property name="updateID" type="string">
<column name="updateID"/>
</property>
<property name="updateCategory" type="string">
<column name="updateCategory"/>
</property>
</class>
</hibernate-mapping>
