<?xml version="1.0" encoding="UTF-8"?>
<!DOCTYPE hibernate-mapping PUBLIC "-//Hibernate/Hibernate Mapping DTD 3.0//EN" "http://hibernate.sourceforge.net/hibernate-mapping-3.0.dtd">
<hibernate-mapping>
<class name="uk.ac.horizon.ug.exploding.db.Player" table="players">
<id name="ID" type="string">
<column name="ID" length="20"/>
<generator class="assigned"/>
</id>
<property name="name" type="string">
<column name="name"/>
</property>
<property name="gameID" type="string">
<column name="gameID" length="20"/>
</property>
<property name="colourRef" type="integer">
<column name="colourRef"/>
</property>
<component name="position">
<property name="latitude" type="double">
<column name="position_latitude"/>
</property>
<property name="longitude" type="double">
<column name="position_longitude"/>
</property>
<property name="elevation" type="double">
<column name="position_elevation"/>
</property>
</component>
<property name="positionUpdateTime" type="long">
<column name="positionUpdateTime"/>
</property>
<property name="points" type="integer">
<column name="points"/>
</property>
<property name="canAuthor" type="boolean">
<column name="canAuthor"/>
</property>
<property name="newMemberQuota" type="integer">
<column name="newMemberQuota"/>
</property>
</class>
</hibernate-mapping>
