<?xml version="1.0" encoding="UTF-8"?>
<!DOCTYPE hibernate-mapping PUBLIC "-//Hibernate/Hibernate Mapping DTD 3.0//EN" "http://hibernate.sourceforge.net/hibernate-mapping-3.0.dtd">
<hibernate-mapping>
<class name="uk.ac.horizon.ug.exploding.db.TimelineEvent" table="timelineevents">
<id name="ID" type="string">
<column name="ID" length="20"/>
<generator class="assigned"/>
</id>
<property name="orgId" type="integer">
<column name="orgId"/>
</property>
<property name="contentGroupID" type="string">
<column name="contentGroupID" length="20"/>
</property>
<property name="playerID" type="string">
<column name="playerID" length="20"/>
</property>
<property name="name" type="string">
<column name="name"/>
</property>
<property name="ref" type="string">
<column name="ref"/>
</property>
<property name="description" type="string">
<column name="description" length="400"/>
</property>
<property name="zoneId" type="integer">
<column name="zoneId"/>
</property>
<property name="enabled" type="integer">
<column name="enabled"/>
</property>
<property name="startTime" type="float">
<column name="startTime"/>
</property>
<property name="endTime" type="float">
<column name="endTime"/>
</property>
<property name="track" type="integer">
<column name="track"/>
</property>
<property name="rgb" type="integer">
<column name="rgb"/>
</property>
<property name="health" type="integer">
<column name="health"/>
</property>
<property name="healthMax" type="integer">
<column name="healthMax"/>
</property>
<property name="healthMin" type="integer">
<column name="healthMin"/>
</property>
<property name="wealth" type="integer">
<column name="wealth"/>
</property>
<property name="wealthMax" type="integer">
<column name="wealthMax"/>
</property>
<property name="wealthMin" type="integer">
<column name="wealthMin"/>
</property>
<property name="brains" type="integer">
<column name="brains"/>
</property>
<property name="brainsMax" type="integer">
<column name="brainsMax"/>
</property>
<property name="brainsMin" type="integer">
<column name="brainsMin"/>
</property>
<property name="action" type="integer">
<column name="action"/>
</property>
<property name="actionMax" type="integer">
<column name="actionMax"/>
</property>
<property name="actionMin" type="integer">
<column name="actionMin"/>
</property>
<property name="instant" type="integer">
<column name="instant"/>
</property>
<property name="flags" type="integer">
<column name="flags"/>
</property>
<property name="absolute" type="integer">
<column name="absolute"/>
</property>
</class>
</hibernate-mapping>
