<?xml version="1.0" encoding="UTF-8"?>
<!DOCTYPE hibernate-mapping PUBLIC "-//Hibernate/Hibernate Mapping DTD 3.0//EN" "http://hibernate.sourceforge.net/hibernate-mapping-3.0.dtd">
<hibernate-mapping>
<class name="uk.ac.horizon.ug.exploding.db.Zone" table="zones">
<id name="ID" type="string">
<column name="ID" length="20"/>
<generator class="assigned"/>
</id>
<property name="contentGroupID" type="string">
<column name="contentGroupID" length="20"/>
</property>
<property name="orgId" type="integer">
<column name="orgId"/>
</property>
<property name="name" type="string">
<column name="name"/>
</property>
<property name="ref" type="string">
<column name="ref"/>
</property>
<property name="polygon" type="integer">
<column name="polygon"/>
</property>
<property name="radius" type="double">
<column name="radius"/>
</property>
<array name="coordinates" table="zones_coordinates" cascade="all">
<key column="ID"/>
<list-index column="sortOrder"/>
<composite-element class="uk.ac.horizon.ug.exploding.db.Position">
<property name="latitude" type="double">
<column name="latitude"/>
</property>
<property name="longitude" type="double">
<column name="longitude"/>
</property>
<property name="elevation" type="double">
<column name="elevation"/>
</property>
</composite-element>
</array>
</class>
</hibernate-mapping>
